{
    "frame_version": 1,
    "dial_version": 3,
    "name": "photo",
    "dial_type": 6,
    "resolution_ratio": "240x284",
    "platform": "ats3085e",
    "size": 300,
    "describe_name": "My Photo",
    "preview": "preview_0565.bmp",
    "item": [
        {
            "widget": "array",
            "type": "background",
            "serial_number": 30,
            "x": 0,
            "y": 0,
            "w": 240,
            "h": 284,
            "enable_click": 1,
            "count": 2,
            "picture": "background_0_0565.bmp",
            "array_img": "background",
            "position_list": [
                3,
                7
            ],
            "color_list": [
                "#EA424A",
                "#F19B37"
            ]
        },
        {
            "widget": "text",
            "type": "day",
            "serial_number": 3,
            "x": 192,
            "y": 32,
            "w": 32,
            "h": 20,
            "fontnum": 10,
            "font": "Date",
            "enable_font": 0,
            "min_numwidth": 2,
            "align": "center",
            "color": "#EA424A"
        },
        {
            "widget": "array",
            "type": "week",
            "serial_number": 11,
            "x": 128,
            "y": 32,
            "w": 60,
            "h": 20,
            "count": 7,
            "array_img": "Week",
            "enable_font": 0,
            "min_numwidth": 2,
            "align": "center",
            "color": "#EA424A"
        },
        {
            "widget": "text",
            "type": "time",
            "serial_number": 13,
            "x": 82,
            "y": 62,
            "w": 142,
            "h": 40,
            "fontnum": 11,
            "font": "Time",
            "enable_font": 0,
            "min_numwidth": 2,
            "align": "center",
            "color": "#EA424A"
        }
    ],
    "fade_item": [
        {
            "widget": "text",
            "type": "time",
            "serial_number": 13,
            "x": 82,
            "y": 62,
            "w": 142,
            "h": 40,
            "fontnum": 11,
            "font": "Fade_Time",
            "enable_font": 0,
            "min_numwidth": 2,
            "align": "center"
        },
        {
            "widget": "text",
            "type": "day",
            "serial_number": 3,
            "x": 192,
            "y": 32,
            "w": 32,
            "h": 20,
            "fontnum": 10,
            "font": "Fade_Date",
            "enable_font": 0,
            "min_numwidth": 2,
            "align": "center"
        },
        {
            "widget": "array",
            "type": "week",
            "serial_number": 11,
            "x": 128,
            "y": 32,
            "w": 60,
            "h": 20,
            "count": 7,
            "array_img": "Fade_Week",
            "enable_font": 0,
            "min_numwidth": 2,
            "align": "center"
        }
    ]
}